{"cameraMode":{"drawMode":0,"name":"Shaded","section":"Shading Mode"},"sceneLighting":false,"audioPlay":false,"sceneViewState":{"showFog":true,"showMaterialUpdate":true,"showSkybox":false,"showFlares":true,"showImageEffects":true,"showParticleSystems":true},"in2DMode":false,"pivot":{"x":-3.6280298233032228,"y":2.7794666290283205,"z":4.797482490539551},"rotation":{"x":-0.26884379982948305,"y":-0.3249073624610901,"z":0.09688924998044968,"w":-0.9015380144119263},"size":15.87856674194336,"orthographic":false}