{"cameraMode":{"drawMode":0,"name":"Shaded","section":"Shading Mode"},"sceneLighting":false,"audioPlay":false,"sceneViewState":{"showFog":true,"showMaterialUpdate":true,"showSkybox":false,"showFlares":true,"showImageEffects":true,"showParticleSystems":true},"in2DMode":false,"pivot":{"x":-4.946069717407227,"y":2.042699098587036,"z":0.48974716663360598},"rotation":{"x":-0.12498145550489426,"y":0.8079270124435425,"z":-0.18517792224884034,"w":-0.5452913045883179},"size":2.8578836917877199,"orthographic":false}