{"cameraMode":{"drawMode":0,"name":"Shaded","section":"Shading Mode"},"sceneLighting":false,"audioPlay":false,"sceneViewState":{"showFog":true,"showMaterialUpdate":true,"showSkybox":false,"showFlares":true,"showImageEffects":true,"showParticleSystems":true},"in2DMode":false,"pivot":{"x":-31.299999237060548,"y":3.0,"z":34.400001525878909},"rotation":{"x":-0.26884379982948305,"y":-0.3249073624610901,"z":0.09688924998044968,"w":-0.9015380144119263},"size":18.931255340576173,"orthographic":false}