{"cameraMode":{"drawMode":0,"name":"Shaded","section":"Shading Mode"},"sceneLighting":false,"audioPlay":false,"sceneViewState":{"showFog":true,"showMaterialUpdate":true,"showSkybox":false,"showFlares":true,"showImageEffects":true,"showParticleSystems":true},"in2DMode":false,"pivot":{"x":0.3104104697704315,"y":2.5351555347442629,"z":2.598264217376709},"rotation":{"x":-0.26884379982948305,"y":-0.3249073624610901,"z":0.09688924998044968,"w":-0.9015380144119263},"size":9.834766956373642e-8,"orthographic":false}